{"cameraMode":{"drawMode":0,"name":"Shaded","section":"Shading Mode"},"sceneLighting":true,"audioPlay":false,"sceneViewState":{"showFog":true,"showMaterialUpdate":true,"showSkybox":true,"showFlares":true,"showImageEffects":true,"showParticleSystems":true},"in2DMode":false,"pivot":{"x":41.104740142822269,"y":-1.1153807640075684,"z":76.34382629394531},"rotation":{"x":0.144086554646492,"y":0.29411977529525759,"z":-0.04490332677960396,"w":0.9437788724899292},"size":13.908607482910157,"orthographic":false}