{"cameraMode":{"drawMode":0,"name":"Shaded","section":"Shading Mode"},"sceneLighting":true,"audioPlay":false,"sceneViewState":{"showFog":true,"showMaterialUpdate":true,"showSkybox":true,"showFlares":true,"showImageEffects":true,"showParticleSystems":true},"in2DMode":false,"pivot":{"x":49.12961196899414,"y":0.2895839810371399,"z":63.08711242675781},"rotation":{"x":0.07273697853088379,"y":0.7337010502815247,"z":-0.07954922318458557,"w":0.6708700060844421},"size":10.0,"orthographic":false}