{"cameraMode":{"drawMode":0,"name":"Shaded","section":"Shading Mode"},"sceneLighting":true,"audioPlay":false,"sceneViewState":{"showFog":false,"showMaterialUpdate":true,"showSkybox":true,"showFlares":true,"showImageEffects":true,"showParticleSystems":true},"in2DMode":false,"pivot":{"x":34.965049743652347,"y":7.585186958312988,"z":145.807861328125},"rotation":{"x":-0.032243356108665469,"y":-0.09580235928297043,"z":-0.003104679984971881,"w":0.9948739409446716},"size":132.01087951660157,"orthographic":false}