{"cameraMode":{"drawMode":0,"name":"Shaded","section":"Shading Mode"},"sceneLighting":true,"audioPlay":false,"sceneViewState":{"showFog":false,"showMaterialUpdate":true,"showSkybox":true,"showFlares":true,"showImageEffects":true,"showParticleSystems":true},"in2DMode":false,"pivot":{"x":88.3967514038086,"y":228.18731689453126,"z":819.04736328125},"rotation":{"x":0.2258584052324295,"y":0.03798086568713188,"z":-0.008812204003334046,"w":0.9733816981315613},"size":1572.591796875,"orthographic":false}