{"cameraMode":{"drawMode":0,"name":"Shaded","section":"Shading Mode"},"sceneLighting":true,"audioPlay":false,"sceneViewState":{"showFog":false,"showMaterialUpdate":true,"showSkybox":true,"showFlares":true,"showImageEffects":true,"showParticleSystems":true},"in2DMode":false,"pivot":{"x":-2.4340744018554689,"y":-19.359634399414064,"z":115.07540893554688},"rotation":{"x":0.21773867309093476,"y":0.7794050574302673,"z":-0.451447069644928,"w":0.3759172856807709},"size":92.39144897460938,"orthographic":false}