{"cameraMode":{"drawMode":0,"name":"Shaded","section":"Shading Mode"},"sceneLighting":true,"audioPlay":false,"sceneViewState":{"showFog":false,"showMaterialUpdate":true,"showSkybox":true,"showFlares":true,"showImageEffects":true,"showParticleSystems":true},"in2DMode":false,"pivot":{"x":49.16856384277344,"y":3.1088812351226808,"z":60.75060272216797},"rotation":{"x":-0.10197614133358002,"y":0.467120885848999,"z":-0.05434044450521469,"w":-0.8766105771064758},"size":24.235870361328126,"orthographic":false}