{"cameraMode":{"drawMode":0,"name":"Shaded","section":"Shading Mode"},"sceneLighting":true,"audioPlay":false,"sceneViewState":{"showFog":false,"showMaterialUpdate":true,"showSkybox":true,"showFlares":true,"showImageEffects":true,"showParticleSystems":true},"in2DMode":false,"pivot":{"x":70.56782531738281,"y":-65.33259582519531,"z":109.75321960449219},"rotation":{"x":0.10107243061065674,"y":0.8434997797012329,"z":-0.499116450548172,"w":0.17081111669540406},"size":217.84506225585938,"orthographic":false}