{"cameraMode":{"drawMode":0,"name":"Shaded","section":"Shading Mode"},"sceneLighting":true,"audioPlay":false,"sceneViewState":{"showFog":false,"showMaterialUpdate":true,"showSkybox":true,"showFlares":true,"showImageEffects":true,"showParticleSystems":true},"in2DMode":false,"pivot":{"x":3.0855066776275636,"y":0.3493204116821289,"z":-0.31290435791015627},"rotation":{"x":-0.28176769614219668,"y":-0.1284671574831009,"z":0.038099806755781177,"w":-0.9500794410705566},"size":165.08145141601563,"orthographic":false}