{"cameraMode":{"drawMode":0,"name":"Shaded","section":"Shading Mode"},"sceneLighting":true,"audioPlay":false,"sceneViewState":{"showFog":false,"showMaterialUpdate":true,"showSkybox":true,"showFlares":true,"showImageEffects":true,"showParticleSystems":true},"in2DMode":false,"pivot":{"x":-360.52374267578127,"y":-354.89752197265627,"z":194.69497680664063},"rotation":{"x":0.2680394947528839,"y":-0.5497751235961914,"z":0.19200469553470612,"w":0.7674883604049683},"size":485.0879821777344,"orthographic":false}