{"cameraMode":{"drawMode":0,"name":"Shaded","section":"Shading Mode"},"sceneLighting":true,"audioPlay":false,"sceneViewState":{"showFog":false,"showMaterialUpdate":true,"showSkybox":true,"showFlares":true,"showImageEffects":true,"showParticleSystems":true},"in2DMode":false,"pivot":{"x":48.565521240234378,"y":-5.018219470977783,"z":59.54731750488281},"rotation":{"x":0.09846913814544678,"y":0.6991866230964661,"z":-0.09817419946193695,"w":0.7012873291969299},"size":20.32053565979004,"orthographic":false}