{"cameraMode":{"drawMode":0,"name":"Shaded","section":"Shading Mode"},"sceneLighting":true,"audioPlay":false,"sceneViewState":{"showFog":false,"showMaterialUpdate":true,"showSkybox":true,"showFlares":true,"showImageEffects":true,"showParticleSystems":true},"in2DMode":false,"pivot":{"x":414.8168029785156,"y":230.66404724121095,"z":3.699066162109375},"rotation":{"x":-0.007787967566400766,"y":-0.07433211803436279,"z":0.0005805726977996528,"w":-0.9972031116485596},"size":404.8786315917969,"orthographic":false}