{"cameraMode":{"drawMode":0,"name":"Shaded","section":"Shading Mode"},"sceneLighting":true,"audioPlay":false,"sceneViewState":{"showFog":false,"showMaterialUpdate":true,"showSkybox":true,"showFlares":true,"showImageEffects":true,"showParticleSystems":true},"in2DMode":false,"pivot":{"x":49.14263153076172,"y":3.790759563446045,"z":60.87810516357422},"rotation":{"x":0.03307655081152916,"y":0.8947725296020508,"z":-0.06723382323980332,"w":0.44019192457199099},"size":7.9654974937438969,"orthographic":false}