{"cameraMode":{"drawMode":0,"name":"Shaded","section":"Shading Mode"},"sceneLighting":true,"audioPlay":false,"sceneViewState":{"showFog":false,"showMaterialUpdate":true,"showSkybox":true,"showFlares":true,"showImageEffects":true,"showParticleSystems":true},"in2DMode":false,"pivot":{"x":49.12961196899414,"y":0.24106088280677796,"z":62.760032653808597},"rotation":{"x":-0.06569447368383408,"y":0.6550716757774353,"z":-0.05733984708786011,"w":-0.7505180239677429},"size":4.899996757507324,"orthographic":false}