{"cameraMode":{"drawMode":0,"name":"Shaded","section":"Shading Mode"},"sceneLighting":true,"audioPlay":false,"sceneViewState":{"showFog":false,"showMaterialUpdate":true,"showSkybox":true,"showFlares":true,"showImageEffects":true,"showParticleSystems":true},"in2DMode":false,"pivot":{"x":161.5888671875,"y":90.12682342529297,"z":-188.941162109375},"rotation":{"x":-0.0014243717305362225,"y":0.3135201632976532,"z":0.0004702806763816625,"w":0.9495804309844971},"size":8.104084014892579,"orthographic":false}